id,tamer_dimensions,reference_dimensions,pixels_equal
UN19_1013_em_184,89x80,89x80,true
UN19_1019_em_266,60x58,60x58,true
UN19_1045_em_658,77x58,77x58,true
UN19wb_1119_em_1168,63x55,63x55,true
UN19_1022_em_307,95x63,95x63,true
UN19_1051_em_742,70x56,70x56,true
UN19wb_1109_em_1008,97x55,97x55,true
UN19_1008_em_112,63x71,63x71,true
UN19_1028_em_396,92x65,92x65,true
UN19_1002_em_16,65x55,65x55,true
UN19wb_1114_em_1080,68x71,68x71,true
UN19_1010_em_142,69x55,69x55,true
UN19wb_1109_em_1016,152x59,152x59,true
UN19_1049_em_707,83x63,83x63,true
UN19_1037_em_534,141x91,141x91,true
UN19_1030_em_429,124x66,124x66,true
UN19_1043_em_620,135x72,135x72,true
UN19_1046_em_674,108x105,108x105,true
UN19_1008_em_113,129x60,129x60,true
ISICal19_1211_em_885,126x62,126x62,true
UN19_1023_em_322,156x59,156x59,true
UN19_1013_em_187,114x82,114x82,true
UN19wb_1117_em_1129,91x55,91x55,true
UN19_1026_em_371,193x88,193x88,true
UN19_1002_em_23,127x76,127x76,true
UN19_1051_em_738,120x61,120x61,true
UN19_1021_em_286,164x59,164x59,true
ISICal19_1211_em_888,160x70,160x70,true
UN19wb_1110_em_1025,100x58,100x58,true
UN19_1043_em_629,130x72,130x72,true
UN19_1020_em_282,117x64,117x64,true
ISICal19_1209_em_856,108x62,108x62,true
UN19_1010_em_143,189x76,189x76,true
ISICal19_1203_em_783,154x78,154x78,true
UN19_1028_em_390,82x67,82x67,true
UN19_1019_em_256,111x83,111x83,true
UN19_1020_em_284,115x60,115x60,true
UN19_1025_em_350,160x77,160x77,true
UN19wb_1105_em_952,104x81,104x81,true
UN19wb_1103_em_928,117x70,117x70,true
ISICal19_1210_em_874,179x59,179x59,true
UN19_1016_em_224,188x59,188x59,true
UN19_1012_em_171,89x64,89x64,true
UN19_1008_em_110,93x80,93x80,true
ISICal19_1210_em_872,134x78,134x78,true
ISICal19_1207_em_849,181x92,181x92,true
UN19_1042_em_601,165x99,165x99,true
ISICal19_1210_em_879,103x74,103x74,true
UN19_1050_em_727,145x67,145x67,true
UN19_1022_em_314,83x62,83x62,true
UN19_1050_em_732,131x68,131x68,true
UN19_1038_em_551,149x71,149x71,true
UN19wb_1110_em_1023,341x61,341x61,true
UN19_1038_em_553,125x59,125x59,true
UN19_1033_em_472,141x75,141x75,true
UN19wb_1111_em_1043,83x80,83x80,true
UN19_1046_em_669,158x78,158x78,true
ISICal19_1207_em_852,223x82,223x82,true
UN19_1046_em_670,121x79,121x79,true
UN19_1029_em_417,288x98,288x98,true
ISICal19_1209_em_864,105x82,105x82,true
UN19wb_1105_em_947,78x78,78x78,true
UN19_1042_em_604,157x79,157x79,true
UN19_1021_em_289,124x62,124x62,true
UN19_1015_em_207,112x71,112x71,true
UN19_1044_em_642,153x69,153x69,true
UN19_1033_em_465,219x87,219x87,true
UN19_1051_em_740,133x64,133x64,true
UN19_1027_em_377,153x69,153x69,true
UN19_1045_em_659,87x80,87x80,true
UN19wb_1105_em_946,187x61,187x61,true
UN19_1041_em_590,103x60,103x60,true
UN19_1044_em_630,147x75,147x75,true
UN19wb_1114_em_1084,101x62,101x62,true
UN19_1035_em_496,168x81,168x81,true
UN19_1047_em_679,73x80,73x80,true
UN19wb_1121_em_1190,151x72,151x72,true
UN19_1039_em_568,136x76,136x76,true
UN19_1018_em_250,206x81,206x81,true
UN19_1041_em_598,135x91,135x91,true
UN19_1028_em_402,116x99,116x99,true
UN19_1010_em_146,80x78,80x78,true
UN19_1011_em_159,80x91,80x91,true
UN19wb_1104_em_931,189x79,189x79,true
UN19_1004_em_53,154x70,154x70,true
UN19_1032_em_453,242x65,242x65,true
UN19wb_1110_em_1020,124x62,124x62,true
UN19_1008_em_116,220x79,220x79,true
UN19_1001_em_0,65x80,65x80,true
UN19_1045_em_655,279x76,279x76,true
UN19_1024_em_336,178x66,178x66,true
UN19wb_1118_em_1149,161x72,161x72,true
UN19wb_1121_em_1195,105x71,105x71,true
UN19wb_1107_em_983,65x75,65x75,true
UN19_1023_em_326,167x67,167x67,true
UN19_1021_em_294,184x80,184x80,true
ISICal19_1206_em_835,132x77,132x77,true
UN19_1001_em_5,135x93,135x93,true
UN19_1017_em_231,225x60,225x60,true
UN19_1026_em_372,141x95,141x95,true
UN19_1006_em_77,312x87,312x87,true
UN19_1031_em_448,137x70,137x70,true
UN19_1043_em_624,129x83,129x83,true
UN19_1008_em_111,85x67,85x67,true
UN19_1026_em_370,150x71,150x71,true
UN19_1050_em_726,108x58,108x58,true
UN19_1013_em_185,128x59,128x59,true
UN19_1038_em_546,178x80,178x80,true
UN19_1023_em_327,192x81,192x81,true
UN19wb_1109_em_1017,115x60,115x60,true
UN19wb_1110_em_1034,117x103,117x103,true
UN19_1043_em_621,134x78,134x78,true
UN19_1008_em_109,196x92,196x92,true
UN19_1029_em_412,125x71,125x71,true
UN19_1017_em_230,100x72,100x72,true
UN19wb_1108_em_994,97x82,97x82,true
UN19wb_1121_em_1196,107x62,107x62,true
UN19wb_1116_em_1114,146x86,146x86,true
UN19wb_1112_em_1057,174x57,174x57,true
UN19_1010_em_147,173x73,173x73,true
UN19_1032_em_456,387x104,387x104,true
UN19_1032_em_452,118x72,118x72,true
UN19_1016_em_218,148x80,148x80,true
UN19_1022_em_309,172x65,172x65,true
UN19wb_1105_em_950,126x77,126x77,true
UN19_1050_em_733,217x73,217x73,true
UN19_1006_em_79,144x62,144x62,true
UN19_1033_em_477,151x83,151x83,true
UN19wb_1108_em_995,251x77,251x77,true
UN19_1042_em_611,123x70,123x70,true
UN19_1009_em_124,107x75,107x75,true
ISICal19_1204_em_799,184x72,184x72,true
UN19_1016_em_215,134x81,134x81,true
ISICal19_1203_em_793,109x83,109x83,true
UN19_1032_em_461,311x109,311x109,true
UN19_1017_em_236,227x79,227x79,true
UN19wb_1103_em_927,201x69,201x69,true
UN19_1034_em_485,278x74,278x74,true
UN19_1044_em_644,102x91,102x91,true
UN19_1027_em_375,531x70,531x70,true
UN19_1018_em_241,184x73,184x73,true
UN19wb_1107_em_988,315x82,315x82,true
UN19wb_1106_em_966,174x69,174x69,true
UN19wb_1112_em_1053,195x59,195x59,true
UN19_1002_em_17,492x112,492x112,true
UN19_1039_em_567,258x68,258x68,true
UN19_1042_em_602,177x73,177x73,true
UN19_1021_em_296,187x72,187x72,true
UN19_1009_em_128,196x80,196x80,true
UN19_1041_em_588,203x77,203x77,true
UN19wb_1120_em_1171,354x88,354x88,true
ISICal19_1209_em_859,343x87,343x87,true
ISICal19_1202_em_774,286x80,286x80,true
UN19wb_1119_em_1158,118x65,118x65,true
UN19_1042_em_612,157x71,157x71,true
UN19_1037_em_539,149x77,149x77,true
ISICal19_1207_em_844,227x76,227x76,true
UN19_1012_em_175,224x59,224x59,true
ISICal19_1204_em_804,301x87,301x87,true
UN19_1041_em_597,72x64,72x64,true
UN19_1012_em_166,132x69,132x69,true
UN19wb_1103_em_924,96x69,96x69,true
UN19wb_1112_em_1061,132x78,132x78,true
UN19_1018_em_240,372x77,372x77,true
UN19_1006_em_88,124x72,124x72,true
UN19_1016_em_211,162x74,162x74,true
ISICal19_1203_em_794,111x61,111x61,true
UN19wb_1109_em_1015,98x66,98x66,true
UN19_1023_em_325,104x63,104x63,true
UN19_1003_em_33,165x90,165x90,true
UN19wb_1113_em_1077,85x61,85x61,true
UN19_1047_em_688,76x62,76x62,true
UN19wb_1110_em_1030,200x64,200x64,true
UN19_1043_em_618,131x68,131x68,true
UN19_1037_em_531,165x78,165x78,true
UN19_1021_em_293,126x76,126x76,true
UN19_1009_em_125,83x63,83x63,true
UN19_1018_em_254,185x57,185x57,true
UN19_1045_em_657,304x77,304x77,true
ISICal19_1207_em_840,73x61,73x61,true
ISICal19_1205_em_812,300x105,300x105,true
UN19_1004_em_49,158x73,158x73,true
UN19_1022_em_310,118x69,118x69,true
UN19_1040_em_578,274x74,274x74,true
UN19_1027_em_382,230x72,230x72,true
ISICal19_1203_em_781,138x77,138x77,true
UN19_1027_em_380,163x65,163x65,true
UN19wb_1119_em_1161,199x71,199x71,true
UN19_1045_em_656,162x87,162x87,true
ISICal19_1209_em_868,331x76,331x76,true
UN19_1008_em_106,141x77,141x77,true
UN19_1025_em_356,241x75,241x75,true
UN19_1048_em_697,163x80,163x80,true
UN19_1009_em_122,168x80,168x80,true
ISICal19_1201_em_759,79x78,79x78,true
UN19_1021_em_292,221x77,221x77,true
ISICal19_1202_em_773,454x87,454x87,true
UN19_1001_em_1,165x89,165x89,true
UN19_1040_em_571,312x76,312x76,true
ISICal19_1210_em_883,202x69,202x69,true
UN19_1037_em_537,84x89,84x89,true
UN19wb_1112_em_1060,87x77,87x77,true
UN19_1039_em_566,262x76,262x76,true
UN19_1032_em_463,214x73,214x73,true
UN19_1007_em_104,155x77,155x77,true
UN19_1001_em_6,136x79,136x79,true
UN19wb_1110_em_1029,91x91,91x91,true
UN19_1017_em_229,81x60,81x60,true
UN19_1043_em_616,108x86,108x86,true
ISICal19_1210_em_871,257x70,257x70,true
UN19wb_1112_em_1055,134x73,134x73,true
UN19_1049_em_717,160x58,160x58,true
UN19_1044_em_634,184x83,184x83,true
UN19wb_1116_em_1112,75x80,75x80,true
UN19wb_1120_em_1178,227x88,227x88,true
UN19_1030_em_426,174x87,174x87,true
ISICal19_1205_em_814,186x90,186x90,true
UN19_1011_em_162,257x70,257x70,true
UN19wb_1112_em_1052,194x82,194x82,true
UN19wb_1114_em_1081,150x92,150x92,true
UN19_1048_em_703,124x66,124x66,true
UN19wb_1115_em_1104,213x78,213x78,true
UN19wb_1104_em_939,406x104,406x104,true
ISICal19_1202_em_776,166x63,166x63,true
UN19wb_1103_em_925,229x71,229x71,true
UN19_1030_em_433,149x75,149x75,true
UN19wb_1108_em_1000,153x82,153x82,true
UN19_1019_em_265,98x63,98x63,true
UN19_1003_em_37,155x118,155x118,true
UN19wb_1113_em_1066,205x59,205x59,true
UN19_1040_em_583,175x71,175x71,true
UN19_1050_em_729,144x74,144x74,true
UN19wb_1115_em_1109,214x80,214x80,true
UN19wb_1105_em_951,289x72,289x72,true
UN19_1030_em_420,205x64,205x64,true
UN19_1001_em_11,288x68,288x68,true
UN19wb_1111_em_1036,326x84,326x84,true
UN19_1038_em_550,152x73,152x73,true
UN19wb_1120_em_1177,101x87,101x87,true
ISICal19_1205_em_819,103x96,103x96,true
UN19_1005_em_70,184x92,184x92,true
UN19_1037_em_532,196x76,196x76,true
UN19_1013_em_182,172x89,172x89,true
UN19_1021_em_295,215x98,215x98,true
UN19_1009_em_132,108x93,108x93,true
UN19_1027_em_379,236x82,236x82,true
UN19_1034_em_489,224x77,224x77,true
UN19wb_1107_em_982,182x71,182x71,true
UN19_1040_em_582,247x73,247x73,true
UN19_1051_em_745,93x136,93x136,true
ISICal19_1209_em_862,137x110,137x110,true
UN19_1003_em_32,99x120,99x120,true
UN19wb_1111_em_1045,290x81,290x81,true
UN19wb_1112_em_1058,165x73,165x73,true
UN19_1013_em_180,243x91,243x91,true
UN19_1032_em_459,266x61,266x61,true
UN19wb_1103_em_920,219x82,219x82,true
UN19wb_1107_em_976,405x82,405x82,true
UN19_1020_em_272,156x71,156x71,true
UN19_1024_em_343,76x107,76x107,true
UN19_1041_em_593,97x132,97x132,true
UN19_1025_em_345,706x94,706x94,true
UN19_1029_em_411,68x100,68x100,true
UN19_1022_em_300,106x157,106x157,true
UN19wb_1115_em_1106,178x90,178x90,true
UN19_1024_em_344,73x94,73x94,true
UN19wb_1118_em_1147,313x78,313x78,true
UN19_1029_em_414,420x109,420x109,true
UN19_1038_em_542,74x179,74x179,true
UN19_1046_em_660,205x83,205x83,true
UN19_1017_em_225,145x132,145x132,true
UN19wb_1114_em_1086,144x67,144x67,true
UN19wb_1102_em_914,565x100,565x100,true
UN19_1025_em_348,73x146,73x146,true
UN19_1040_em_581,76x129,76x129,true
UN19_1005_em_62,294x87,294x87,true
UN19wb_1103_em_916,187x81,187x81,true
UN19_1033_em_469,259x69,259x69,true
UN19wb_1113_em_1079,82x137,82x137,true
UN19_1012_em_170,72x102,72x102,true
UN19_1049_em_711,183x69,183x69,true
UN19wb_1105_em_949,101x71,101x71,true
UN19_1020_em_283,54x108,54x108,true
UN19_1050_em_728,376x79,376x79,true
UN19_1044_em_637,69x118,69x118,true
UN19wb_1109_em_1018,346x85,346x85,true
UN19_1035_em_509,194x91,194x91,true
UN19_1007_em_94,142x183,142x183,true
UN19_1031_em_438,367x107,367x107,true
UN19_1037_em_538,86x122,86x122,true
ISICal19_1211_em_894,93x124,93x124,true
ISICal19_1202_em_779,100x194,100x194,true
UN19_1034_em_482,301x85,301x85,true
UN19wb_1105_em_945,178x79,178x79,true
UN19_1051_em_741,177x83,177x83,true
UN19_1039_em_564,211x90,211x90,true
UN19_1020_em_273,255x72,255x72,true
UN19_1005_em_73,233x72,233x72,true
UN19_1015_em_201,89x96,89x96,true
UN19wb_1118_em_1143,308x89,308x89,true
UN19_1047_em_683,152x111,152x111,true
ISICal19_1205_em_815,82x87,82x87,true
UN19_1022_em_311,96x74,96x74,true
UN19wb_1113_em_1074,165x83,165x83,true
UN19_1043_em_622,170x72,170x72,true
UN19_1036_em_510,152x103,152x103,true
UN19_1018_em_245,225x111,225x111,true
UN19_1031_em_435,160x87,160x87,true
UN19wb_1106_em_971,105x153,105x153,true
UN19_1016_em_210,225x77,225x77,true
UN19_1023_em_321,278x90,278x90,true
UN19_1009_em_127,261x78,261x78,true
UN19_1003_em_41,248x71,248x71,true
UN19_1008_em_118,188x72,188x72,true
ISICal19_1201_em_754,115x72,115x72,true
UN19_1011_em_161,100x119,100x119,true
UN19_1017_em_238,139x81,139x81,true
UN19_1035_em_508,235x95,235x95,true
UN19_1009_em_126,249x74,249x74,true
UN19wb_1107_em_985,145x89,145x89,true
UN19wb_1119_em_1159,344x63,344x63,true
UN19_1002_em_15,120x81,120x81,true
UN19_1009_em_120,128x107,128x107,true
UN19_1001_em_9,309x80,309x80,true
UN19_1047_em_678,322x119,322x119,true
UN19_1051_em_749,207x105,207x105,true
UN19_1046_em_672,353x92,353x92,true
UN19_1049_em_718,220x83,220x83,true
UN19_1034_em_481,328x93,328x93,true
ISICal19_1202_em_770,209x90,209x90,true
UN19_1019_em_261,232x71,232x71,true
UN19wb_1110_em_1032,260x75,260x75,true
ISICal19_1201_em_752,196x77,196x77,true
UN19_1028_em_403,212x87,212x87,true
UN19_1030_em_423,160x91,160x91,true
UN19_1016_em_222,196x77,196x77,true
UN19wb_1121_em_1193,314x86,314x86,true
UN19_1033_em_468,147x86,147x86,true
UN19wb_1112_em_1063,219x90,219x90,true
UN19_1004_em_46,233x87,233x87,true
UN19_1019_em_260,353x75,353x75,true
UN19_1006_em_75,408x98,408x98,true
UN19wb_1111_em_1047,111x125,111x125,true
UN19_1030_em_431,252x98,252x98,true
UN19_1011_em_150,416x90,416x90,true
UN19_1035_em_506,307x94,307x94,true
UN19_1001_em_2,156x100,156x100,true
ISICal19_1209_em_865,103x80,103x80,true
ISICal19_1203_em_790,314x104,314x104,true
ISICal19_1204_em_803,302x145,302x145,true
UN19wb_1111_em_1048,279x106,279x106,true
UN19wb_1120_em_1181,260x85,260x85,true
UN19wb_1104_em_936,407x114,407x114,true
UN19_1017_em_227,334x112,334x112,true
UN19_1007_em_93,355x89,355x89,true
UN19wb_1109_em_1006,240x130,240x130,true
UN19_1046_em_666,192x84,192x84,true
UN19_1013_em_192,394x66,394x66,true
UN19_1005_em_65,385x95,385x95,true
UN19wb_1117_em_1126,355x68,355x68,true
UN19_1048_em_693,186x78,186x78,true
UN19_1039_em_569,233x92,233x92,true
ISICal19_1207_em_847,263x107,263x107,true
UN19_1046_em_665,236x112,236x112,true
ISICal19_1206_em_839,503x101,503x101,true
UN19wb_1108_em_993,240x105,240x105,true
UN19_1005_em_63,327x94,327x94,true
UN19_1026_em_361,208x88,208x88,true
UN19_1025_em_358,287x68,287x68,true
UN19_1037_em_536,173x101,173x101,true
ISICal19_1203_em_788,409x73,409x73,true
UN19_1016_em_213,379x83,379x83,true
ISICal19_1211_em_887,277x67,277x67,true
UN19_1003_em_34,243x95,243x95,true
UN19_1038_em_540,139x131,139x131,true
UN19_1015_em_203,278x75,278x75,true
UN19_1042_em_609,140x110,140x110,true
UN19_1029_em_407,389x111,389x111,true
ISICal19_1207_em_843,257x79,257x79,true
UN19_1003_em_30,347x81,347x81,true
UN19_1032_em_462,156x91,156x91,true
UN19_1023_em_324,223x84,223x84,true
UN19wb_1104_em_941,198x89,198x89,true
UN19_1034_em_486,192x141,192x141,true
UN19_1043_em_626,151x84,151x84,true
UN19_1034_em_484,166x150,166x150,true
UN19_1026_em_369,263x93,263x93,true
ISICal19_1205_em_818,273x90,273x90,true
ISICal19_1204_em_807,388x103,388x103,true
UN19wb_1102_em_901,182x64,182x64,true
UN19wb_1117_em_1130,279x87,279x87,true
UN19_1022_em_303,163x126,163x126,true
UN19_1025_em_346,219x176,219x176,true
ISICal19_1211_em_893,241x115,241x115,true
UN19_1008_em_107,152x125,152x125,true
UN19_1004_em_56,133x102,133x102,true
UN19wb_1121_em_1194,126x120,126x120,true
ISICal19_1201_em_750,167x124,167x124,true
UN19_1006_em_78,152x124,152x124,true
UN19_1004_em_50,155x97,155x97,true
UN19_1026_em_360,150x126,150x126,true
UN19_1044_em_636,169x114,169x114,true
UN19_1013_em_189,131x124,131x124,true
UN19_1001_em_8,188x96,188x96,true
UN19wb_1119_em_1166,244x89,244x89,true
UN19_1043_em_628,260x83,260x83,true
UN19wb_1107_em_978,197x80,197x80,true
UN19_1045_em_654,221x167,221x167,true
UN19wb_1114_em_1087,162x79,162x79,true
UN19_1045_em_650,155x83,155x83,true
UN19_1018_em_251,248x79,248x79,true
UN19_1045_em_649,234x109,234x109,true
ISICal19_1201_em_757,226x141,226x141,true
ISICal19_1204_em_795,496x118,496x118,true
ISICal19_1203_em_791,324x115,324x115,true
UN19_1021_em_297,213x74,213x74,true
UN19_1039_em_559,160x102,160x102,true
UN19_1048_em_698,117x114,117x114,true
UN19_1036_em_513,394x109,394x109,true
UN19wb_1116_em_1118,203x109,203x109,true
UN19_1009_em_130,220x101,220x101,true
UN19_1047_em_684,273x117,273x117,true
UN19wb_1108_em_991,324x75,324x75,true
ISICal19_1210_em_876,209x94,209x94,true
UN19_1035_em_505,351x84,351x84,true
UN19_1029_em_413,733x88,733x88,true
UN19_1009_em_131,369x77,369x77,true
UN19wb_1121_em_1199,321x62,321x62,true
UN19wb_1120_em_1176,264x71,264x71,true
UN19_1008_em_114,233x103,233x103,true
UN19_1036_em_517,349x117,349x117,true
UN19_1042_em_603,198x97,198x97,true
UN19wb_1118_em_1141,165x134,165x134,true
UN19_1040_em_570,286x87,286x87,true
UN19_1018_em_243,231x167,231x167,true
UN19wb_1114_em_1088,153x71,153x71,true
UN19_1021_em_288,162x144,162x144,true
ISICal19_1209_em_858,295x92,295x92,true
UN19_1036_em_520,372x90,372x90,true
UN19_1012_em_172,300x95,300x95,true
ISICal19_1211_em_897,710x296,710x296,true
UN19_1035_em_497,212x131,212x131,true
UN19_1028_em_391,133x127,133x127,true
UN19wb_1118_em_1153,395x162,395x162,true
UN19_1010_em_136,354x89,354x89,true
UN19_1035_em_507,129x103,129x103,true
UN19_1021_em_290,392x83,392x83,true
UN19_1051_em_739,201x118,201x118,true
UN19_1043_em_625,153x86,153x86,true
UN19wb_1111_em_1044,203x107,203x107,true
UN19_1032_em_458,172x97,172x97,true
ISICal19_1201_em_763,442x125,442x125,true
UN19_1011_em_158,136x76,136x76,true
UN19_1006_em_81,366x119,366x119,true
ISICal19_1211_em_889,240x96,240x96,true
UN19_1039_em_556,297x81,297x81,true
UN19_1048_em_701,186x101,186x101,true
UN19_1008_em_115,726x142,726x142,true
UN19_1036_em_514,83x101,83x101,true
UN19_1005_em_69,438x132,438x132,true
UN19wb_1102_em_902,483x104,483x104,true
UN19_1029_em_408,217x72,217x72,true
ISICal19_1201_em_760,105x114,105x114,true
ISICal19_1207_em_854,390x85,390x85,true
UN19wb_1113_em_1069,201x70,201x70,true
UN19wb_1104_em_943,138x128,138x128,true
UN19_1004_em_47,88x107,88x107,true
UN19_1031_em_437,357x100,357x100,true
UN19_1040_em_574,396x84,396x84,true
UN19_1024_em_342,77x83,77x83,true
UN19wb_1103_em_923,78x79,78x79,true
UN19wb_1115_em_1105,318x109,318x109,true
UN19wb_1112_em_1059,159x87,159x87,true
ISICal19_1206_em_829,141x141,141x141,true
UN19_1037_em_533,204x142,204x142,true
UN19wb_1108_em_998,359x92,359x92,true
UN19wb_1117_em_1127,85x129,85x129,true
UN19_1012_em_176,105x120,105x120,true
UN19_1027_em_386,91x121,91x121,true
UN19_1025_em_351,85x109,85x109,true
UN19wb_1117_em_1138,87x120,87x120,true
UN19wb_1114_em_1082,333x89,333x89,true
UN19_1040_em_580,89x87,89x87,true
UN19_1021_em_287,710x78,710x78,true
UN19wb_1110_em_1022,94x108,94x108,true
UN19_1012_em_168,197x73,197x73,true
UN19_1040_em_584,396x69,396x69,true
UN19wb_1118_em_1151,388x94,388x94,true
UN19_1028_em_393,101x123,101x123,true
UN19_1013_em_193,291x97,291x97,true
UN19_1019_em_259,156x96,156x96,true
ISICal19_1204_em_797,271x131,271x131,true
UN19_1024_em_341,277x99,277x99,true
UN19_1043_em_619,191x91,191x91,true
UN19_1049_em_706,241x109,241x109,true
UN19wb_1118_em_1145,103x78,103x78,true
UN19_1009_em_129,307x77,307x77,true
ISICal19_1209_em_869,346x102,346x102,true
ISICal19_1202_em_778,415x119,415x119,true
ISICal19_1211_em_896,443x77,443x77,true
UN19_1013_em_188,128x99,128x99,true
UN19_1019_em_264,357x89,357x89,true
UN19_1013_em_186,338x94,338x94,true
UN19wb_1108_em_999,384x93,384x93,true
UN19_1040_em_573,225x82,225x82,true
ISICal19_1202_em_771,332x98,332x98,true
UN19wb_1111_em_1038,434x103,434x103,true
UN19wb_1115_em_1103,121x132,121x132,true
UN19_1041_em_596,249x92,249x92,true
UN19wb_1109_em_1011,504x79,504x79,true
UN19wb_1104_em_938,195x119,195x119,true
UN19_1035_em_498,296x93,296x93,true
UN19_1049_em_715,533x98,533x98,true
UN19_1042_em_610,478x78,478x78,true
ISICal19_1202_em_765,241x113,241x113,true
UN19wb_1120_em_1183,157x124,157x124,true
UN19_1012_em_174,210x138,210x138,true
UN19_1048_em_694,82x111,82x111,true
UN19wb_1104_em_930,398x79,398x79,true
ISICal19_1204_em_798,590x126,590x126,true
ISICal19_1210_em_875,492x95,492x95,true
UN19_1048_em_696,212x121,212x121,true
UN19wb_1116_em_1117,258x105,258x105,true
UN19_1036_em_523,378x104,378x104,true
UN19_1006_em_84,339x95,339x95,true
UN19_1029_em_406,375x81,375x81,true
UN19_1025_em_352,169x106,169x106,true
UN19_1042_em_608,107x152,107x152,true
ISICal19_1205_em_811,277x171,277x171,true
UN19wb_1106_em_967,354x72,354x72,true
UN19_1026_em_367,327x110,327x110,true
UN19_1026_em_363,248x138,248x138,true
UN19_1002_em_24,288x87,288x87,true
UN19_1025_em_347,105x152,105x152,true
UN19wb_1114_em_1092,225x96,225x96,true
UN19_1009_em_134,285x112,285x112,true
ISICal19_1206_em_832,301x101,301x101,true
UN19_1041_em_592,101x115,101x115,true
UN19_1043_em_627,317x87,317x87,true
ISICal19_1203_em_787,510x89,510x89,true
UN19_1029_em_405,140x95,140x95,true
UN19_1023_em_316,217x158,217x158,true
UN19wb_1108_em_990,333x116,333x116,true
UN19_1007_em_92,158x82,158x82,true
UN19wb_1112_em_1054,267x111,267x111,true
UN19wb_1121_em_1188,257x81,257x81,true
UN19wb_1105_em_954,238x73,238x73,true
UN19wb_1116_em_1122,103x107,103x107,true
UN19_1040_em_575,346x79,346x79,true
ISICal19_1210_em_878,145x129,145x129,true
UN19wb_1121_em_1186,281x74,281x74,true
UN19_1023_em_319,211x95,211x95,true
UN19_1051_em_743,152x148,152x148,true
UN19_1027_em_389,544x94,544x94,true
UN19_1035_em_503,522x86,522x86,true
UN19_1015_em_200,267x133,267x133,true
UN19_1008_em_108,224x106,224x106,true
UN19_1019_em_267,114x139,114x139,true
UN19_1047_em_677,117x81,117x81,true
UN19wb_1103_em_918,214x94,214x94,true
UN19_1016_em_216,327x114,327x114,true
UN19_1017_em_234,69x92,69x92,true
UN19wb_1108_em_1002,367x93,367x93,true
ISICal19_1207_em_851,372x89,372x89,true
UN19wb_1104_em_942,149x131,149x131,true
UN19_1039_em_560,464x81,464x81,true
UN19_1024_em_338,530x95,530x95,true
UN19_1019_em_263,277x103,277x103,true
UN19_1049_em_719,317x88,317x88,true
UN19wb_1106_em_964,201x83,201x83,true
UN19_1048_em_690,184x149,184x149,true
UN19_1007_em_97,123x105,123x105,true
UN19_1030_em_424,147x100,147x100,true
UN19_1009_em_121,351x93,351x93,true
UN19_1047_em_686,299x86,299x86,true
UN19_1028_em_397,357x87,357x87,true
ISICal19_1207_em_841,179x136,179x136,true
UN19_1003_em_42,180x118,180x118,true
UN19wb_1105_em_956,203x157,203x157,true
UN19wb_1114_em_1083,400x145,400x145,true
UN19_1041_em_599,248x127,248x127,true
UN19_1002_em_19,182x111,182x111,true
UN19wb_1113_em_1070,263x111,263x111,true
UN19wb_1113_em_1073,245x70,245x70,true
ISICal19_1205_em_810,368x120,368x120,true
UN19wb_1102_em_910,159x173,159x173,true
UN19wb_1102_em_912,279x82,279x82,true
UN19_1004_em_48,109x118,109x118,true
UN19_1022_em_308,409x114,409x114,true
UN19_1007_em_98,254x115,254x115,true
ISICal19_1209_em_860,457x84,457x84,true
UN19_1047_em_676,200x102,200x102,true
UN19_1039_em_565,255x107,255x107,true
UN19_1022_em_306,477x215,477x215,true
ISICal19_1206_em_831,381x122,381x122,true
ISICal19_1201_em_762,136x140,136x140,true
UN19_1017_em_228,291x121,291x121,true
UN19_1042_em_606,346x91,346x91,true
UN19wb_1103_em_922,135x112,135x112,true
UN19_1037_em_529,350x108,350x108,true
UN19wb_1114_em_1089,451x103,451x103,true
UN19_1035_em_504,267x98,267x98,true
UN19wb_1111_em_1042,296x93,296x93,true
UN19_1020_em_277,307x91,307x91,true
UN19wb_1113_em_1068,286x73,286x73,true
UN19wb_1120_em_1172,504x78,504x78,true
ISICal19_1211_em_886,456x92,456x92,true
UN19_1007_em_102,157x150,157x150,true
ISICal19_1202_em_772,412x108,412x108,true
UN19_1026_em_373,358x112,358x112,true
UN19_1048_em_692,410x76,410x76,true
UN19wb_1119_em_1165,285x97,285x97,true
UN19_1020_em_280,389x77,389x77,true
UN19wb_1105_em_948,342x127,342x127,true
UN19wb_1119_em_1163,396x78,396x78,true
UN19_1051_em_748,363x109,363x109,true
UN19wb_1107_em_987,193x152,193x152,true
UN19_1050_em_731,271x112,271x112,true
UN19_1024_em_331,276x99,276x99,true
UN19wb_1106_em_961,176x94,176x94,true
UN19_1025_em_354,266x95,266x95,true
ISICal19_1205_em_820,276x117,276x117,true
UN19_1036_em_512,262x114,262x114,true
UN19_1011_em_155,286x110,286x110,true
UN19_1005_em_72,377x101,377x101,true
UN19_1010_em_135,330x110,330x110,true
UN19_1030_em_422,337x85,337x85,true
UN19_1030_em_425,148x173,148x173,true
UN19_1012_em_167,564x95,564x95,true
UN19_1011_em_152,664x111,664x111,true
UN19_1046_em_671,259x123,259x123,true
UN19wb_1111_em_1040,197x135,197x135,true
UN19wb_1115_em_1101,376x122,376x122,true
UN19_1026_em_368,371x89,371x89,true
UN19_1029_em_410,231x88,231x88,true
UN19_1017_em_232,613x103,613x103,true
ISICal19_1210_em_880,441x84,441x84,true
UN19_1031_em_445,265x80,265x80,true
UN19wb_1107_em_986,797x122,797x122,true
UN19_1023_em_329,483x123,483x123,true
UN19_1031_em_439,655x118,655x118,true
UN19_1031_em_441,698x104,698x104,true
ISICal19_1203_em_786,488x118,488x118,true
UN19_1032_em_455,490x72,490x72,true
UN19_1034_em_493,334x112,334x112,true
UN19wb_1104_em_935,435x93,435x93,true
UN19_1002_em_28,315x100,315x100,true
UN19_1021_em_298,819x115,819x115,true
UN19_1003_em_44,525x98,525x98,true
UN19_1005_em_74,247x97,247x97,true
UN19_1035_em_499,300x101,300x101,true
UN19wb_1112_em_1064,201x99,201x99,true
UN19_1010_em_149,464x125,464x125,true
UN19wb_1119_em_1169,266x98,266x98,true
UN19_1027_em_384,486x118,486x118,true
UN19wb_1118_em_1152,411x112,411x112,true
ISICal19_1206_em_838,361x106,361x106,true
UN19_1013_em_191,338x96,338x96,true
UN19_1022_em_304,359x90,359x90,true
UN19wb_1108_em_1001,605x110,605x110,true
UN19wb_1114_em_1094,251x132,251x132,true
UN19wb_1102_em_906,206x104,206x104,true
UN19wb_1120_em_1175,229x117,229x117,true
UN19wb_1109_em_1014,275x128,275x128,true
UN19wb_1116_em_1119,397x96,397x96,true
UN19_1001_em_3,193x144,193x144,true
UN19wb_1119_em_1157,407x113,407x113,true
UN19_1009_em_133,438x100,438x100,true
UN19_1050_em_723,186x133,186x133,true
UN19_1019_em_258,489x94,489x94,true
UN19_1025_em_359,493x89,493x89,true
UN19_1030_em_428,417x107,417x107,true
ISICal19_1203_em_792,328x91,328x91,true
ISICal19_1202_em_769,371x99,371x99,true
UN19_1039_em_562,402x112,402x112,true
UN19wb_1104_em_940,297x118,297x118,true
ISICal19_1203_em_789,402x114,402x114,true
UN19_1003_em_43,628x117,628x117,true
UN19wb_1104_em_934,517x107,517x107,true
UN19_1010_em_141,617x82,617x82,true
UN19wb_1116_em_1110,281x191,281x191,true
UN19_1046_em_664,332x222,332x222,true
UN19_1024_em_330,455x96,455x96,true
UN19_1051_em_735,505x99,505x99,true
UN19_1043_em_615,338x92,338x92,true
UN19_1023_em_315,444x106,444x106,true
ISICal19_1204_em_808,517x124,517x124,true
UN19_1029_em_419,476x76,476x76,true
UN19_1039_em_563,473x90,473x90,true
UN19_1012_em_169,402x72,402x72,true
UN19_1004_em_55,175x116,175x116,true
UN19_1051_em_737,449x75,449x75,true
UN19_1031_em_436,427x110,427x110,true
UN19_1008_em_117,536x99,536x99,true
UN19wb_1109_em_1010,768x97,768x97,true
UN19wb_1118_em_1140,242x104,242x104,true
ISICal19_1202_em_768,325x95,325x95,true
UN19_1048_em_702,436x125,436x125,true
UN19wb_1117_em_1136,763x84,763x84,true
UN19_1016_em_214,438x94,438x94,true
ISICal19_1204_em_805,392x129,392x129,true
ISICal19_1211_em_899,594x85,594x85,true
UN19_1041_em_589,330x136,330x136,true
UN19wb_1107_em_975,546x113,546x113,true
UN19_1032_em_454,247x117,247x117,true
ISICal19_1206_em_827,587x123,587x123,true
UN19_1006_em_85,240x110,240x110,true
UN19_1045_em_653,403x168,403x168,true
UN19wb_1106_em_962,314x95,314x95,true
UN19_1036_em_519,350x139,350x139,true
UN19wb_1112_em_1056,317x97,317x97,true
UN19wb_1106_em_965,333x91,333x91,true
UN19_1046_em_663,618x180,618x180,true
UN19_1023_em_328,492x89,492x89,true
UN19_1040_em_579,345x96,345x96,true
ISICal19_1207_em_845,341x121,341x121,true
UN19_1011_em_160,328x73,328x73,true
ISICal19_1210_em_881,103x90,103x90,true
UN19_1002_em_25,316x118,316x118,true
ISICal19_1207_em_842,355x102,355x102,true
UN19wb_1108_em_996,413x124,413x124,true
UN19_1003_em_40,346x113,346x113,true
UN19_1044_em_633,244x105,244x105,true
ISICal19_1206_em_837,464x145,464x145,true
UN19wb_1111_em_1041,347x92,347x92,true
UN19wb_1107_em_989,385x98,385x98,true
ISICal19_1205_em_822,662x145,662x145,true
UN19_1034_em_483,374x86,374x86,true
UN19_1043_em_623,388x83,388x83,true
UN19_1029_em_416,350x141,350x141,true
UN19wb_1106_em_968,325x94,325x94,true
UN19_1006_em_89,320x117,320x117,true
UN19_1021_em_291,224x125,224x125,true
UN19_1002_em_21,176x106,176x106,true
UN19_1013_em_181,435x84,435x84,true
ISICal19_1206_em_825,154x88,154x88,true
UN19_1010_em_145,739x128,739x128,true
UN19_1028_em_401,344x91,344x91,true
UN19_1051_em_736,217x145,217x145,true
UN19_1004_em_54,176x108,176x108,true
UN19_1008_em_105,208x115,208x115,true
UN19_1025_em_355,377x126,377x126,true
UN19wb_1112_em_1051,306x109,306x109,true
UN19_1013_em_190,281x96,281x96,true
UN19_1042_em_613,240x117,240x117,true
UN19_1007_em_90,237x144,237x144,true
UN19_1027_em_383,569x191,569x191,true
UN19wb_1115_em_1102,242x139,242x139,true
UN19_1026_em_374,204x149,204x149,true
UN19wb_1103_em_919,208x111,208x111,true
UN19_1049_em_705,205x107,205x107,true
UN19wb_1121_em_1185,262x91,262x91,true
ISICal19_1210_em_882,503x93,503x93,true
UN19_1028_em_394,416x73,416x73,true
ISICal19_1210_em_877,193x127,193x127,true
UN19wb_1104_em_937,353x112,353x112,true
ISICal19_1202_em_775,286x88,286x88,true
UN19_1017_em_235,368x121,368x121,true
UN19_1010_em_148,627x122,627x122,true
UN19wb_1110_em_1033,490x85,490x85,true
UN19_1019_em_262,519x144,519x144,true
UN19_1007_em_101,556x102,556x102,true
UN19_1037_em_530,291x107,291x107,true
UN19_1017_em_233,492x116,492x116,true
UN19_1004_em_59,142x90,142x90,true
UN19wb_1117_em_1131,190x102,190x102,true
UN19_1037_em_535,314x99,314x99,true
UN19wb_1111_em_1046,173x88,173x88,true
UN19_1027_em_388,432x137,432x137,true
UN19wb_1106_em_973,350x82,350x82,true
UN19wb_1103_em_921,149x85,149x85,true
ISICal19_1205_em_821,630x122,630x122,true
UN19_1050_em_730,243x103,243x103,true
UN19_1034_em_490,530x128,530x128,true
UN19_1034_em_494,386x136,386x136,true
UN19_1039_em_557,229x94,229x94,true
UN19_1026_em_362,308x136,308x136,true
UN19wb_1109_em_1005,372x90,372x90,true
UN19_1036_em_521,412x151,412x151,true
ISICal19_1203_em_780,402x139,402x139,true
UN19_1036_em_518,161x121,161x121,true
UN19_1023_em_317,622x110,622x110,true
UN19_1045_em_647,381x124,381x124,true
UN19wb_1113_em_1075,325x168,325x168,true
UN19_1010_em_137,577x80,577x80,true
UN19_1006_em_76,217x99,217x99,true
ISICal19_1211_em_895,337x100,337x100,true
UN19wb_1121_em_1197,367x89,367x89,true
UN19_1020_em_274,430x105,430x105,true
UN19wb_1113_em_1072,397x123,397x123,true
UN19_1023_em_320,382x146,382x146,true
UN19_1003_em_36,452x79,452x79,true
UN19_1020_em_270,393x118,393x118,true
UN19wb_1106_em_970,341x102,341x102,true
UN19wb_1102_em_907,319x90,319x90,true
UN19_1001_em_4,434x95,434x95,true
ISICal19_1206_em_834,618x190,618x190,true
UN19_1033_em_467,582x111,582x111,true
UN19_1044_em_640,318x88,318x88,true
UN19_1015_em_205,110x95,110x95,true
UN19wb_1116_em_1123,589x99,589x99,true
UN19_1025_em_353,398x132,398x132,true
UN19wb_1107_em_979,598x113,598x113,true
UN19_1026_em_364,636x78,636x78,true
UN19_1010_em_139,251x87,251x87,true
UN19_1011_em_164,621x76,621x76,true
UN19_1027_em_387,194x127,194x127,true
UN19_1028_em_404,409x88,409x88,true
UN19_1005_em_61,322x100,322x100,true
UN19_1047_em_687,262x191,262x191,true
ISICal19_1201_em_755,354x95,354x95,true
UN19_1050_em_720,416x131,416x131,true
UN19_1002_em_22,257x126,257x126,true
UN19_1041_em_585,262x118,262x118,true
UN19_1013_em_194,408x82,408x82,true
UN19wb_1105_em_955,390x142,390x142,true
UN19wb_1121_em_1192,350x129,350x129,true
UN19_1018_em_249,295x112,295x112,true
UN19wb_1102_em_911,293x179,293x179,true
UN19_1001_em_7,333x128,333x128,true
ISICal19_1207_em_850,410x102,410x102,true
UN19wb_1115_em_1100,469x119,469x119,true
UN19_1024_em_339,465x115,465x115,true
UN19wb_1119_em_1155,271x159,271x159,true
UN19_1035_em_501,364x148,364x148,true
UN19_1033_em_479,299x97,299x97,true
ISICal19_1204_em_800,435x146,435x146,true
UN19wb_1115_em_1099,697x81,697x81,true
UN19wb_1117_em_1134,273x124,273x124,true
UN19_1038_em_544,464x86,464x86,true
UN19_1045_em_646,364x159,364x159,true
UN19wb_1117_em_1132,310x82,310x82,true
UN19_1034_em_487,552x102,552x102,true
ISICal19_1205_em_816,343x134,343x134,true
UN19_1003_em_38,381x125,381x125,true
UN19_1048_em_691,427x77,427x77,true
UN19_1049_em_716,471x106,471x106,true
UN19_1005_em_67,435x111,435x111,true
UN19_1043_em_617,482x150,482x150,true
UN19wb_1116_em_1111,567x109,567x109,true
UN19_1038_em_552,422x136,422x136,true
UN19_1015_em_197,291x131,291x131,true
ISICal19_1203_em_782,310x91,310x91,true
UN19_1017_em_237,224x186,224x186,true
UN19_1011_em_153,501x155,501x155,true
UN19_1050_em_724,410x151,410x151,true
UN19wb_1116_em_1121,270x112,270x112,true
UN19_1042_em_607,256x153,256x153,true
UN19wb_1107_em_984,445x127,445x127,true
UN19_1031_em_447,385x135,385x135,true
UN19_1033_em_474,307x88,307x88,true
UN19_1033_em_475,307x110,307x110,true
UN19_1002_em_26,252x113,252x113,true
UN19wb_1117_em_1137,407x165,407x165,true
UN19_1030_em_432,403x80,403x80,true
UN19wb_1114_em_1090,793x92,793x92,true
ISICal19_1207_em_848,632x146,632x146,true
UN19_1018_em_247,135x217,135x217,true
UN19_1035_em_502,474x86,474x86,true
UN19wb_1113_em_1071,131x126,131x126,true
UN19_1005_em_71,252x99,252x99,true
UN19_1024_em_340,365x149,365x149,true
UN19_1031_em_443,314x109,314x109,true
UN19wb_1115_em_1095,904x105,904x105,true
UN19_1001_em_13,361x112,361x112,true
UN19_1041_em_586,131x187,131x187,true
UN19_1026_em_365,447x92,447x92,true
UN19wb_1113_em_1067,352x125,352x125,true
UN19_1020_em_278,670x87,670x87,true
UN19_1001_em_12,479x98,479x98,true
UN19_1049_em_712,499x99,499x99,true
UN19_1018_em_244,293x100,293x100,true
UN19wb_1102_em_900,265x95,265x95,true
UN19_1029_em_409,272x165,272x165,true
UN19wb_1117_em_1125,389x93,389x93,true
UN19_1011_em_163,518x134,518x134,true
ISICal19_1201_em_751,399x83,399x83,true
UN19_1027_em_378,369x123,369x123,true
ISICal19_1203_em_784,518x106,518x106,true
ISICal19_1205_em_817,518x165,518x165,true
UN19wb_1115_em_1096,453x188,453x188,true
UN19_1045_em_645,227x107,227x107,true
UN19wb_1111_em_1039,665x87,665x87,true
UN19wb_1115_em_1098,610x120,610x120,true
UN19_1033_em_466,432x92,432x92,true
ISICal19_1204_em_802,558x117,558x117,true
ISICal19_1206_em_833,502x191,502x191,true
ISICal19_1207_em_853,333x93,333x93,true
UN19_1047_em_675,482x101,482x101,true
UN19wb_1109_em_1013,457x138,457x138,true
UN19_1011_em_156,544x107,544x107,true
UN19_1002_em_29,547x104,547x104,true
UN19_1036_em_524,199x133,199x133,true
ISICal19_1209_em_857,722x184,722x184,true
UN19wb_1109_em_1007,482x133,482x133,true
ISICal19_1211_em_890,687x94,687x94,true
UN19_1032_em_457,561x105,561x105,true
UN19_1024_em_335,262x105,262x105,true
UN19_1048_em_695,256x131,256x131,true
UN19wb_1121_em_1191,445x84,445x84,true
UN19wb_1113_em_1078,327x117,327x117,true
ISICal19_1211_em_898,292x127,292x127,true
UN19_1022_em_305,583x91,583x91,true
UN19_1042_em_605,235x93,235x93,true
UN19wb_1110_em_1027,381x103,381x103,true
UN19_1034_em_492,342x196,342x196,true
ISICal19_1204_em_809,459x131,459x131,true
UN19_1020_em_281,386x105,386x105,true
UN19_1030_em_427,296x89,296x89,true
UN19_1016_em_219,252x125,252x125,true
UN19_1015_em_208,526x87,526x87,true
UN19wb_1106_em_974,341x111,341x111,true
ISICal19_1201_em_764,563x93,563x93,true
UN19wb_1106_em_972,249x102,249x102,true
UN19wb_1116_em_1124,429x134,429x134,true
UN19wb_1110_em_1031,259x123,259x123,true
UN19_1012_em_165,448x140,448x140,true
UN19_1012_em_178,515x134,515x134,true
UN19_1016_em_223,861x142,861x142,true
ISICal19_1203_em_785,621x139,621x139,true
UN19_1003_em_39,433x128,433x128,true
UN19_1019_em_269,355x113,355x113,true
ISICal19_1201_em_756,333x132,333x132,true
UN19_1006_em_83,297x140,297x140,true
UN19_1020_em_279,523x94,523x94,true
UN19wb_1108_em_997,831x99,831x99,true
UN19_1049_em_714,450x135,450x135,true
UN19_1010_em_144,359x121,359x121,true
UN19wb_1111_em_1049,505x156,505x156,true
UN19_1033_em_473,526x109,526x109,true
UN19wb_1103_em_915,126x113,126x113,true
UN19_1046_em_667,300x114,300x114,true
UN19_1024_em_333,376x124,376x124,true
UN19_1019_em_268,575x140,575x140,true
UN19_1044_em_635,179x115,179x115,true
UN19_1044_em_641,354x88,354x88,true
UN19wb_1103_em_926,154x132,154x132,true
UN19_1041_em_595,249x144,249x144,true
UN19_1033_em_470,387x145,387x145,true
UN19_1007_em_96,298x207,298x207,true
ISICal19_1205_em_824,599x103,599x103,true
UN19wb_1108_em_1003,714x119,714x119,true
UN19_1051_em_747,686x92,686x92,true
UN19wb_1113_em_1076,479x103,479x103,true
UN19wb_1116_em_1120,384x101,384x101,true
UN19_1036_em_515,296x89,296x89,true
UN19wb_1104_em_944,613x107,613x107,true
UN19_1048_em_704,298x80,298x80,true
UN19wb_1114_em_1093,444x127,444x127,true
UN19_1037_em_526,310x78,310x78,true
UN19wb_1119_em_1167,356x112,356x112,true
UN19_1018_em_252,504x125,504x125,true
UN19wb_1104_em_932,417x101,417x101,true
UN19_1050_em_734,279x138,279x138,true
ISICal19_1205_em_813,535x166,535x166,true
UN19_1030_em_421,264x106,264x106,true
UN19wb_1120_em_1179,640x87,640x87,true
UN19_1050_em_722,303x133,303x133,true
UN19_1030_em_434,435x76,435x76,true
UN19wb_1120_em_1173,645x109,645x109,true
UN19_1050_em_721,220x96,220x96,true
UN19_1035_em_495,590x131,590x131,true
UN19wb_1117_em_1133,489x93,489x93,true
UN19_1015_em_202,490x164,490x164,true
UN19wb_1121_em_1187,326x135,326x135,true
UN19wb_1107_em_977,457x107,457x107,true
UN19_1028_em_398,778x114,778x114,true
UN19_1040_em_572,305x109,305x109,true
UN19_1031_em_449,333x193,333x193,true
UN19_1019_em_257,510x99,510x99,true
UN19_1001_em_10,541x104,541x104,true
UN19wb_1120_em_1174,332x103,332x103,true
ISICal19_1205_em_823,646x139,646x139,true
UN19_1028_em_395,392x140,392x140,true
UN19wb_1118_em_1144,557x136,557x136,true
ISICal19_1204_em_806,386x139,386x139,true
UN19_1032_em_464,345x116,345x116,true
UN19wb_1108_em_1004,283x157,283x157,true
UN19_1004_em_58,352x123,352x123,true
UN19wb_1105_em_953,371x142,371x142,true
UN19wb_1102_em_909,538x113,538x113,true
UN19_1049_em_713,453x129,453x129,true
UN19_1042_em_614,252x118,252x118,true
UN19_1025_em_349,456x119,456x119,true
UN19_1004_em_57,451x113,451x113,true
UN19wb_1120_em_1180,472x100,472x100,true
UN19wb_1111_em_1035,313x140,313x140,true
UN19_1032_em_451,404x148,404x148,true
UN19wb_1119_em_1160,445x139,445x139,true
UN19_1033_em_471,459x81,459x81,true
UN19_1038_em_549,497x94,497x94,true
UN19_1046_em_673,383x121,383x121,true
UN19wb_1109_em_1019,379x83,379x83,true
UN19wb_1118_em_1148,561x165,561x165,true
UN19_1032_em_460,374x106,374x106,true
UN19_1040_em_577,250x121,250x121,true
UN19_1016_em_217,561x82,561x82,true
UN19_1041_em_591,294x97,294x97,true
UN19_1047_em_682,536x132,536x132,true
UN19_1031_em_444,490x121,490x121,true
ISICal19_1201_em_753,425x108,425x108,true
UN19_1006_em_86,325x163,325x163,true
UN19wb_1102_em_904,320x112,320x112,true
UN19wb_1110_em_1028,552x119,552x119,true
UN19_1020_em_275,635x129,635x129,true
UN19_1002_em_18,460x89,460x89,true
UN19wb_1115_em_1107,307x109,307x109,true
UN19wb_1120_em_1170,349x77,349x77,true
UN19_1016_em_212,440x181,440x181,true
UN19_1001_em_14,421x138,421x138,true
ISICal19_1202_em_777,592x150,592x150,true
UN19_1044_em_638,221x116,221x116,true
UN19_1007_em_100,419x138,419x138,true
UN19_1007_em_91,317x118,317x118,true
UN19wb_1103_em_929,478x88,478x88,true
UN19_1044_em_631,349x122,349x122,true
UN19wb_1110_em_1026,397x87,397x87,true
UN19_1031_em_440,981x150,981x150,true
UN19wb_1105_em_958,620x185,620x185,true
UN19_1036_em_516,471x105,471x105,true
UN19_1020_em_276,612x116,612x116,true
UN19_1018_em_246,284x127,284x127,true
UN19wb_1112_em_1062,394x157,394x157,true
UN19_1024_em_334,430x133,430x133,true
UN19_1009_em_123,414x168,414x168,true
UN19_1021_em_285,304x135,304x135,true
UN19_1022_em_302,623x107,623x107,true
UN19wb_1115_em_1097,513x139,513x139,true
UN19wb_1110_em_1024,423x92,423x92,true
UN19wb_1118_em_1142,565x96,565x96,true
UN19wb_1109_em_1009,656x88,656x88,true
UN19wb_1106_em_969,229x113,229x113,true
UN19_1038_em_541,669x104,669x104,true
UN19_1003_em_31,671x122,671x122,true
UN19_1005_em_68,294x109,294x109,true
UN19_1038_em_548,527x94,527x94,true
UN19_1029_em_418,659x136,659x136,true
UN19_1045_em_648,698x134,698x134,true
UN19wb_1119_em_1164,562x108,562x108,true
UN19_1010_em_138,589x121,589x121,true
UN19_1039_em_561,568x92,568x92,true
UN19_1011_em_151,535x145,535x145,true
UN19_1044_em_639,367x111,367x111,true
UN19_1015_em_204,552x91,552x91,true
UN19_1048_em_699,259x102,259x102,true
UN19_1011_em_157,803x179,803x179,true
UN19_1018_em_242,802x88,802x88,true
UN19_1012_em_179,568x85,568x85,true
UN19wb_1105_em_959,784x160,784x160,true
UN19_1015_em_198,482x138,482x138,true
UN19wb_1121_em_1198,410x127,410x127,true
UN19_1050_em_725,425x108,425x108,true
UN19_1026_em_366,846x149,846x149,true
UN19_1005_em_60,566x166,566x166,true
UN19_1028_em_400,533x86,533x86,true
UN19wb_1115_em_1108,635x94,635x94,true
UN19wb_1107_em_981,609x124,609x124,true
UN19wb_1106_em_963,512x107,512x107,true
UN19_1045_em_652,755x123,755x123,true
UN19wb_1117_em_1135,712x112,712x112,true
UN19_1004_em_52,233x118,233x118,true
UN19_1028_em_399,595x149,595x149,true
UN19_1013_em_183,382x123,382x123,true
UN19_1023_em_323,266x134,266x134,true
UN19wb_1118_em_1154,390x175,390x175,true
UN19_1046_em_662,622x134,622x134,true
UN19_1028_em_392,739x162,739x162,true
UN19_1016_em_220,325x95,325x95,true
UN19_1047_em_681,364x138,364x138,true
UN19_1017_em_239,296x157,296x157,true
UN19_1027_em_381,798x112,798x112,true
UN19_1018_em_248,370x119,370x119,true
UN19wb_1102_em_908,550x112,550x112,true
UN19_1004_em_51,361x165,361x165,true
UN19_1007_em_99,348x135,348x135,true
UN19_1041_em_594,398x100,398x100,true
UN19_1003_em_35,540x78,540x78,true
ISICal19_1210_em_870,450x130,450x130,true
UN19_1022_em_313,319x156,319x156,true
UN19_1036_em_511,466x124,466x124,true
UN19_1015_em_209,1114x133,1114x133,true
UN19_1002_em_27,555x89,555x89,true
ISICal19_1209_em_863,591x181,591x181,true
UN19_1024_em_332,589x118,589x118,true
UN19_1047_em_689,469x170,469x170,true
UN19_1039_em_558,403x115,403x115,true
UN19_1033_em_478,510x132,510x132,true
UN19wb_1116_em_1116,975x103,975x103,true
UN19wb_1107_em_980,526x193,526x193,true
ISICal19_1211_em_892,386x117,386x117,true
UN19wb_1119_em_1162,774x89,774x89,true
UN19wb_1120_em_1184,467x109,467x109,true
UN19_1038_em_545,467x161,467x161,true
ISICal19_1206_em_828,560x151,560x151,true
UN19_1027_em_376,692x109,692x109,true
UN19_1046_em_668,522x173,522x173,true
UN19_1005_em_66,431x123,431x123,true
UN19wb_1108_em_992,1155x120,1155x120,true
UN19_1021_em_299,875x119,875x119,true
UN19_1039_em_555,530x94,530x94,true
ISICal19_1207_em_846,658x107,658x107,true
UN19wb_1113_em_1065,1281x141,1281x141,true
ISICal19_1202_em_766,683x225,683x225,true
UN19wb_1105_em_957,852x118,852x118,true
ISICal19_1209_em_866,880x105,880x105,true
UN19wb_1102_em_903,566x144,566x144,true
UN19_1006_em_87,654x110,654x110,true
UN19_1045_em_651,336x108,336x108,true
UN19_1047_em_685,572x145,572x145,true
UN19wb_1118_em_1146,983x171,983x171,true
ISICal19_1201_em_761,583x112,583x112,true
UN19_1033_em_476,488x144,488x144,true
UN19_1036_em_522,654x103,654x103,true
UN19_1037_em_525,730x119,730x119,true
UN19_1031_em_446,796x165,796x165,true
UN19_1046_em_661,293x176,293x176,true
ISICal19_1209_em_855,1110x86,1110x86,true
UN19_1006_em_80,374x105,374x105,true
UN19_1018_em_253,447x131,447x131,true
UN19_1005_em_64,558x109,558x109,true
UN19_1041_em_587,439x97,439x97,true
UN19_1034_em_491,442x115,442x115,true
UN19_1012_em_177,432x113,432x113,true
UN19_1015_em_195,441x160,441x160,true
UN19_1015_em_196,468x164,468x164,true
UN19_1015_em_206,572x118,572x118,true
UN19wb_1110_em_1021,393x121,393x121,true
UN19_1051_em_746,559x154,559x154,true
UN19_1048_em_700,625x98,625x98,true
UN19wb_1119_em_1156,401x128,401x128,true
ISICal19_1202_em_767,431x174,431x174,true
UN19_1047_em_680,1261x94,1261x94,true
UN19_1044_em_643,410x101,410x101,true
UN19_1023_em_318,714x117,714x117,true
UN19_1015_em_199,526x443,526x443,true
ISICal19_1209_em_861,585x110,585x110,true
UN19wb_1114_em_1091,473x112,473x112,true
UN19_1032_em_450,507x122,507x122,true
UN19_1010_em_140,610x217,610x217,true
UN19wb_1104_em_933,525x127,525x127,true
ISICal19_1209_em_867,930x195,930x195,true
ISICal19_1210_em_884,524x119,524x119,true
UN19_1022_em_301,906x165,906x165,true
UN19_1011_em_154,927x118,927x118,true
UN19wb_1121_em_1189,631x120,631x120,true
UN19_1034_em_488,491x138,491x138,true
UN19wb_1117_em_1128,483x112,483x112,true
UN19_1030_em_430,573x143,573x143,true
ISICal19_1210_em_873,938x85,938x85,true
UN19wb_1106_em_960,614x129,614x129,true
UN19_1027_em_385,768x123,768x123,true
UN19_1049_em_709,447x140,447x140,true
UN19wb_1111_em_1037,531x107,531x107,true
UN19_1051_em_744,801x99,801x99,true
ISICal19_1211_em_891,763x119,763x119,true
UN19_1012_em_173,472x142,472x142,true
UN19wb_1114_em_1085,564x209,564x209,true
UN19wb_1116_em_1115,1144x99,1144x99,true
UN19_1017_em_226,869x101,869x101,true
UN19_1019_em_255,392x158,392x158,true
UN19_1042_em_600,541x146,541x146,true
UN19_1002_em_20,602x83,602x83,true
UN19wb_1112_em_1050,495x141,495x141,true
UN19_1035_em_500,950x169,950x169,true
UN19_1008_em_119,602x158,602x158,true
UN19_1029_em_415,669x118,669x118,true
UN19_1004_em_45,778x129,778x129,true
UN19_1025_em_357,567x109,567x109,true
ISICal19_1206_em_826,991x169,991x169,true
UN19wb_1102_em_913,728x133,728x133,true
ISICal19_1206_em_830,1469x108,1469x108,true
UN19_1049_em_708,495x129,495x129,true
UN19_1007_em_103,452x234,452x234,true
UN19wb_1118_em_1150,489x132,489x132,true
UN19_1049_em_710,453x123,453x123,true
UN19wb_1103_em_917,495x134,495x134,true
UN19_1031_em_442,787x133,787x133,true
UN19_1020_em_271,748x155,748x155,true
ISICal19_1204_em_801,533x213,533x213,true
ISICal19_1201_em_758,807x125,807x125,true
UN19_1016_em_221,434x137,434x137,true
UN19_1022_em_312,776x148,776x148,true
UN19_1040_em_576,721x107,721x107,true
ISICal19_1206_em_836,1472x166,1472x166,true
UN19wb_1120_em_1182,790x147,790x147,true
UN19wb_1116_em_1113,971x197,971x197,true
UN19wb_1109_em_1012,779x124,779x124,true
UN19_1037_em_527,536x178,536x178,true
UN19_1038_em_543,472x127,472x127,true
UN19_1038_em_547,581x142,581x142,true
UN19_1044_em_632,882x128,882x128,true
UN19_1024_em_337,513x135,513x135,true
UN19_1007_em_95,1243x118,1243x118,true
UN19wb_1117_em_1139,268x111,268x111,true
UN19_1037_em_528,505x206,505x206,true
ISICal19_1204_em_796,1480x200,1480x200,true
UN19wb_1102_em_905,698x145,698x145,true
UN19_1038_em_554,588x108,588x108,true
UN19_1006_em_82,936x160,936x160,true
